Workbook

Sheet Productos-precio
B1: Producto | C1: Cantidad | D1: Precio | G1: Producto | H1: Cantidad | I1: Precio unitario | J1: Total precio
B2: Absenta Pernod (ÁLVAREZ) | D2: 27.91
B3: Absenta Pernod (LAFUENTE) | D3: 24.84 | G3: Naranjas | H3: 1kg | I3: 1.1
B4: Absenta Hencdricks | D4: 30.8 | G4: Limones | H4: 1kg | I4: 1.1
G5: Limas | H5: 1kg | I5: 2.95
B6: Agua perrier | D6: 1.013 | G6: Z. Limón | H6: 1L | I6: 3.95
B7: Agua Solan | D7: 0.7 | G7: Jengibre | H7: 1kg | I7: 6.95
G8: Hoja de Ostra | H8: 50unds | I8: 19.5
B9: Amaro averna (ÁLVAREZ) | D9: 8.82 | G9: Menta | H9: Manojo | I9: 1.5
B10: Amaro Byrrh | D10: 15 | G10: Azucar Blanco | H10: 1kg | I10: 1.65
B11: Amaro montenegro | D11: 12.6 | G11: Tomate Pelado | H11: 5kg | I11: 6.95
B12: Amaro Montenegro (LAFUENTE) | D12: 13.38 | G12: Mandarina | H12: 1kg | I12: 2.95
B13: Amaro Noix | D13: 21.8 | G13: Aceituna Gordal | H13: 4,5kg | I13: 29.95
B14: Amaro Noix (BARKONSULT) | D14: 21.8 | G14: Melisa | H14: Manojo | I14: 2.5
B15: Amaro Rubarbaro Nardini | D15: 20.3 | G15: Z. Lima | H15: 1L | I15: 12.5
B16: Amaro Sfumato (WKY REGAL) | D16: 11.16 | G16: Clara de Huevo | H16: 1L | I16: 4.95
G17: Miel | H17: 1kg | I17: 9.95
B18: Aperitivo Lillet Blanc (LAFUENTE) | D18: 10.11 | G18: Panela | H18: 500gr | I18: 1.85
B19: Aperitivo Lillet Blanc (ÁLVAREZ) | D19: 8.95 | G19: Miso Blanco | H19: 1kg | I19: 7.5
B20: Aperitivo Lillet blanc (BORDINO) | D20: 8.48 | G20: Sal | H20: 1kg | I20: 1
B21: Aperitivo Lillet Rouge (LAFUENTE) | D21: 11.24 | G21: LITCHIS | H21: 1KG | I21: 3.95
B22: Aperitivo Lillet Rouge (BORDINO) | D22: 8.48 | G22: Leche | H22: 1L | I22: 2
G23: Leffir de mango | H23: 500ml | I23: 1.62
B24: Armagñac Cles de ducs V.S.O.P | D24: 15.5
B25: Armagñac DARTIGALONGUE RESERVA 2000 | D25: 42.25
B27: Bitter Walnut Fee Brothers (BARKONSULT) | D27: 12.99
B28: Bitter Peychauds | D28: 12.3
B29: Bitter Luxardo Bianco | D29: 9.17
B30: Bitter angostura (LAFUENTE) | D30: 10.58 | G30: Habatonka | H30: 10 | I30: 2 | J30: =H30*I30 -> 20
B31: Bitter Angostura (ÁLVAREZ) | D31: 9.87 | G31: Ras el hanout | H31: 40 | I31: 2.8 | J31: =H31*I31 -> 112
B32: Bitter Angostura (BORDINO) | D32: 9.12 | G32: Curcuma | H32: 40 | I32: 2 | J32: =H32*I32 -> 80
B33: Bitter Burlesque (LAFUENTE) | D33: 18.44 | G33: Tandoori | H33: 50 | I33: 3 | J33: =H33*I33 -> 150
B34: Bitter Cardamomo | D34: 12.91 | G34: Té Chai | H34: 40 | I34: 3 | J34: =H34*I34 -> 120
B35: Bitter de Apio fee brothers | D35: 14.01 | G35: Cardamomo | H35: 100 | I35: 8 | J35: =H35*I35 -> 800
B36: Bitter hellfire habanero | D36: 18.44 | G36: Té Olong | H36: 40 | I36: 3 | J36: =H36*I36 -> 120
B37: Bitter Orange Angostura (LAFUENTE) | D37: 8.68
B38: Bitter Orange Angostura | D38: 7.07 | G38: Eral Grey | H38: 100 | I38: 6 | J38: =H38*I38 -> 600
B39: Bitter scrappy's Cardamomo (LAFUENTE) | D39: 22.86 | G39: Habanero | H39: 30 | I39: 7.5 | J39: =H39*I39 -> 225
B40: Bitter scrapy´s apio | D40: 18.66 | J40: =H40*I40 -> 0
B41: Bitter scrapy´s fire | D41: 19.48 | J41: =H41*I41 -> 0
B42: Bitter Shiso Rojo (LAFUENTE) | D42: 28.98 | J42: =H42*I42 -> 0
B43: Bitter Suze Rojo | D43: 17.6 | G43: Lingote | H43: 1 | I43: 0.6 | J43: =H43*I43 -> 0.6
B44: Bitter truth celery | D44: 13.39 | G44: Cubo | H44: 1 | I44: 0.45 | J44: =H44*I44 -> 0.45
B46: Brandy Fundador Triple madera (LAFUENTE) | D46: 12.78
B47: Brandy Fundador Doble Madera (LAFUENTE) | D47: 10.14 | G47: Patatas Chip (CAJAPE) | H47: 1kg | I47: 5.98
B48: Ysabel Regina | D48: 29.53 | G48: Frutos Secos (CAJAPE) | H48: 1kg | I48: 4.6
B49: Brandy St. Remy (BORDINO) | D49: 10.71
B50: Brandy Carlos I amontillado | D50: 25.58
B51: Brandy LUIS FELIPE GRAN RESERVA | D51: 55.64
B52: Brandy Torres 15 | D52: 20.3
B54: Cachaça Abelha | D54: 17.91
B55: CALVADOS ROGER GROULT PAYS D'AUGE | D55: 47
B57: Cerezas de Maraschino (ÁLVAREZ) | D57: 6.17
B58: Cerezas de Maraschino (LAFUENTE) | D58: 6.95
B60: Cerveza Alhambra | D60: 1.56
B61: Cerveza Mahou | D61: 1.08
B63: Cava Gramona | D63: 10
B64: Champagne EPC Rose | D64: 27
... B68: Champagne Perrier Jouet Belle Epoque Brut | D68: 124.62
B69: Champagne Billecart Salmon Rose
B70: Champagne Laurent perrier rose (BORDINO) | D70: 55.33
B71: Champagne Perrier jouet blanc de blanc (BORDINO) | D71: 55
B72: Champagne Perrier jouet grand brut | D72: 34.13
B73: Champagne Perrier jouet grand brut (BORDINO) | D73: 39.6
B74: Champagne Ruinart blanc de blancs (LAFUENTE) | D74: 72.67
B76: Cognac Remy Martin VSOP (BORDINO) | D76: 32.93
B77: Cogñac Courvasier v.s. | D77: 12.94
B78: Cogñac Martel v.s.o.p. | D78: 33.64
B79: Cogñac Paradise | D79: 584.12
B81: Gin Beefeater (ÁLVAREZ) | D81: 10.94
B82: Gin Beefeater (BORDINO) | D82: 12.93
B83: Gin Beefeater 24 | D83: 16.55
... B85: Gin Botanist (BORDINO) | D85: 26.71
B86: Gin Brockmans
B87: Gin G'Vine Florasion (ÁLVAREZ) | D87: 24.68
B88: Gin G'Vine Nouaisson | D88: 15
B89: Gin Hendricks (BORDINO) | D89: 21.06
B90: Gin Hendricks (ÁLVAREZ) | D90: 21.08
B91: Gin Hendricks floradora (BORDINO) | D91: 24.18
B92: Gin Malfy rosa | D92: 16.56
B93: Gin Mare (ÁLVAREZ) | D93: 24.24
B94: Gin Mare (BORDINO) | D94: 22.79
B95: Gin Martin Millers (BORDINO) | D95: 18.17
B96: Gin Martin Millers (ÁLVAREZ) | D96: 17.82
B97: Gin Martin Millers (LAFUENTE) | D97: 22.31
B98: Gin Monkey 47 | D98: 29.1
... B194: Licor HUMO (IN VINO VERITAS) | D194: 22.5
B195: Licor Ingobernable
B196: Licor Italicus | D196: 23.41
B197: Licor Lichi Giffard (LAFUENTE) | D197: 11.02
B198: Licor mandarina Giffard (ÁLVAREZ) | D198: 11.6
B199: Licor mandarina Giffard (LAFUENTE) | D199: 12.47
B200: Licor Maraschino Luxardo (LaFuente) | D200: 13.79
B201: Licor naranja Suau (laDUELA) | D201: 18.1
B202: Licor pera marie brizard | D202: 6.59
B203: Licor Pierre Ferrand dry curaçao | D203: 19.99
B204: Licor piña giffard (LAFUENTE) | D204: 13.65
B205: Licor platano vieja licoreria | D205: 11.64
B206: Licor Savoia (BARKONSULT) | D206: 15.38
B207: Licor Suze Blanco | D207: 9.91
...

Sheet stock reed hihgball
B2: Producciones | H2: Campari | I2: 50 | J2: 1000 | K2: 10.96 | L2: =(K2*I2)/J2 -> 0.548
H3: citrus soul | I3: 25 | J3: 1000 | K3: 1.99 | L3: =(K3*I3)/J3 -> 0.04975
B4: Producto en botella | C4: Botellas | D4: Garrafas | H4: Cocktails x 1 | I4: =SUM(I2:I3) -> 75 | L4: =SUM(L2:L3) -> 0.59775
H5: Cocktails x botella | I5: =J5/I4 -> 9.3333333 | J5: 700 | L5: =L4*I5 -> 5.579
B6: Caperucita rosa | H6: Botellas de 700 | J6: 700 | L6: =L5*I6 -> 0
B7: Lisa simpson
B8: Champs Elysses
B9: Watermelon Highball
B10: Fuck cocó | H10: Champs Elysses
B11: Shuffle Along | H11: Vodka | I11: 50 | J11: 700 | K11: 12 | L11: =(K11*I11)/J11 -> 0.85714286
B12: Messie Covarrubias | H12: Premix champs | I12: 45 | J12: 700 | K12: 7.29 | L12: =(K12*I12)/J12 -> 0.46864286
B13: Lovo Island Ice Tea | H13: Citrus Soul | I13: 25 | J13: 1000 | K13: 1.99 | L13: =(K13*I13)/J13 -> 0.04975
B14: Lova | H14: Cocktails x 1 | I14: =SUM(I11:I13) -> 120 | L14: =SUM(L11:L13) -> 1.3755357
B15: Cleopatra nº2 | H15: Cocktails x botella | I15: =J15/I14 -> 5.8333333 | J15: 700 | L15: =L14*I15 -> 8.0239583
B16: Mix Ron | H16: Botellas de 700 | I16: =C8 -> 0 | J16: 700 | L16: =L15*I16 -> 0
B17: Citrus Soul
B18: Sirope Fruta Pasion
B19: Licor café | H19: Shuffle Along
B20: Orange Lovo Liquor | H20: Chartreuse verde | I20: 15 | J20: 700 | K20: 20.55 | L20: =(K20*I20)/J20 -> 0.44035714
B21: Sirope Simple | H21: Gin | I21: 50 | J21: 700 | K21: 11 | L21: =(K21*I21)/J21 -> 0.78571429
B22: White neill Ruibarb | H22: Citrus soul | I22: 25 | J22: 1000 | K22: 1.99 | L22: =(K22*I22)/J22 -> 0.04975
B23: Vermouth-Campari | H23: Licor marraschino | I23: 15 | J23: 700 | K23: 12.55 | L23: =(K23*I23)/J23 -> 0.26892857
B24: Naked | H24: Cocktails x 1 | I24: =SUM(I20:I23) -> 105 | L24: =SUM(L20:L23) -> 1.54475
B25: Porn Star | H25: Cocktails x botella | I25: =J25/I24 -> 6.6666667 | J25: 700 | L25: =L24*I25 -> 10.298333
B26: Old Fashioned | H26: Botellas de 700 | I26: =C11 -> 0 | J26: 700 | L26: =L25*I26 -> 0
B27: J&7
H29: Lovo Island Ice Tea
H30: Havana 3 | I30: 10 | J30: 700 | K30: 9.18 | L30: =(K30*I30)/J30 -> 0.13114286
H31: Gin | I31: 10 | J31: 700 | K31: 11 | L31: =(K31*I31)/J31 -> 0.15714286
H32: Vodka | I32: 10 | J32: 700 | K32: 12 | L32: =(K32*I32)/J32 -> 0.17142857
H33: Tequila | I33: 10 | J33: 700 | K33: 18 | L33: =(K33*I33)/J33 -> 0.25714286
C34: Total | D34: =L6+L16+L26+L39+L48+L76+L89+L96+L106+L57+L66+L116 -> 18.359333 | H34: Orange lovo | I34: 10 | J34: 1400 | K34: 27.52 | L34: =(K34*I34)/J34 -> 0.19657143
H35: Citrus soul | I35: 30 | J35: 1000 | K35: 1.99 | L35: =(K35*I35)/J35 -> 0.0597
H36: Sirope simple | I36: 25 | J36: 1000 | K36: 11.26 | L36: =(K36*I36)/J36 -> 0.2815
H37: Cocktails x 1 | I37: =SUM(I30:I36) -> 105 | L37: =SUM(L30:L36) -> 1.2546286
H38: Cocktails x botella | I38: =J38/I37 -> 6.6666667 | J38: 700 | L38: =L37*I38 -> 8.3641905
H39: Botellas de 700 | I39: =C13 -> 0 | J39: 700 | L39: =L38*I39 -> 0
H40: Garrafa 4L | I40: =J40/I37 -> 0 | J40: =D13 -> 0
H42: Lova
H43: Havana 7 | I43: 50 | J43: 700 | K43: 17.38 | L43: =(K43*I43)/J43 -> 1.2414286
H44: fino | I44: 10 | J44: 700 | K44: 10 | L44: =(K44*I44)/J44 -> 0.14285714
H45: Rasalhanout | I45: 20 | J45: 1000 | K45: 2.86 | L45: =(K45*I45)/J45 -> 0.0572
H46: Cocktails x 1 | I46: =SUM(I43:I45) -> 80 | L46: =SUM(L43:L45) -> 1.4414857
H47: Cocktails x botella | I47: =J47/I46 -> 8.75 | J47: 700 | L47: =L46*I47 -> 12.613
H48: Botellas de 700 | I48: =C14 -> 0 | J48: 700 | L48: =L47*I48 -> 0
H51: Porn Star RH
H52: Whitley Neil Vodka | I52: 50 | J52: 700 | K52: ='Productos-precio'!D413 -> 6.9 | L52: =(K52*I52)/J52 -> 0.49285714
H53: Licor Fruta de la Pasión | I53: 20 | J53: 700 | K53: ='Productos-precio'!D186 -> 10.64 | L53: =(K53*I53)/J53 -> 0.304
H54: Sirope Vainilla | I54: 25 | J54: 1000 | K54: ='Productos-precio'!D319 -> 9.49 | L54: =(K54*I54)/J54 -> 0.23725
H55: Cocktails x 1 | I55: =SUM(I52:I54) -> 95 | L55: =SUM(L52:L54) -> 1.0341071
H56: Cocktails x botella | I56: =J56/I55 -> 7.3684211 | J56: 700 | L56: =L55*I56 -> 7.6197368
H57: Botellas de 700 | I57: =C25 -> 0 | J57: 700 | L57: =L56*I57 -> 0
H58: Botella de 2L | I58: =J58/I55 -> 0 | J58: =D25 -> 0 | L58: =L55*I58 -> 0
H61: Naked and Famous RH
H62: Aperol | I62: 25 | J62: 1000 | K62: ='Productos-precio'!D122 -> 9.74 | L62: =(K62*I62)/J62 -> 0.2435
H63: Chartreuse Verde | I63: 25 | J63: 700 | K63: ='Productos-precio'!D143 -> 26.35 | L63: =(K63*I63)/J63 -> 0.94107143
H64: Mezcal Unión | I64: 25 | J64: 700 | K64: ='Productos-precio'!D226 -> 21.91 | L64: =(K64*I64)/J64 -> 0.7825
H65: Cocktails x 1 | I65: 75 | L65: =SUM(L62:L64) -> 1.9670714
H66: Cocktails x botella | I66: =J66/I65 -> 9.3333333 | J66: 700 | L66: =L65*I66 -> 18.359333
H67: Botellas de 700 | J67: 700 | L67: =L66*I67 -> 0
H70: Negroni RHR
H71: Campari | I71: 30 | J71: 700 | K71: ='Productos-precio'!D136 -> 12.47 | L71: =(K71*I71)/J71 -> 0.53442857
H72: Cinzano rosso | I72: 30 | J72: 700 | K72: ='Productos-precio'!D365 -> 9.22 | L72: =(K72*I72)/J72 -> 0.39514286
K73: ='Productos-precio'!D235 -> 0
H74: Cocktails x 1 | I74: 60 | L74: =SUM(L71:L73) -> 0.92957143
H75: Cocktails x botella | I75: =J75/I74 -> 11.666667 | J75: 700 | L75: =L74*I75 -> 10.845
H76: Botellas de 700 | J76: 700 | L76: =L75*I76 -> 0
H79: Long Island RHR
H80: Black tears blanco | I80: 15 | J80: 700 | K80: ='Productos-precio'!D273 -> 12.67 | L80: =(K80*I80)/J80 -> 0.2715
H81: Tequila Altos | I81: 15 | J81: 700 | K81: ='Productos-precio'!D338 -> 15.22 | L81: =(K81*I81)/J81 -> 0.32614286
H82: Vodka Whitley Neil | I82: 15 | J82: 700 | K82: ='Productos-precio'!D413 -> 6.9 | L82: =(K82*I82)/J82 -> 0.14785714
H83: Orange Lovo Liquor | I83: 15 | J83: 1050 | K83: ='[1]PREBATCH CUEVA'!$G$44+[2]Producciones!$F$178 -> 8.5638571 | L83: =(K83*I83)/J83 -> 0.12234082
H84: Tanqueray 10 | I84: 15 | J84: 700 | K84: ='Productos-precio'!D110 -> 27.87 | L84: =(K84*I84)/J84 -> 0.59721429
H85: Sirope Simple | I85: 25 | J85: 1500 | K85: =[2]Producciones!$F$133 -> 2.6166667 | L85: =(K85*I85)/J85 -> 0.043611111
H87: Cocktails x 1 | I87: 75 | L87: =SUM(L80:L84) -> 1.4650551
H88: Cocktails x botella | I88: =J88/I87 -> 9.3333333 | J88: 700 | L88: =L87*I88 -> 13.673848
H89: Botellas de 700 | J89: 700 | L89: =L88*I89 -> 0
H92: Caperutica RHR
H93: Mix Caperucita | I93: 115 | J93: 700 | K93: ='Stock producciones'!N236 -> 2.4895952 | L93: =(K93*I93)/J93 -> 0.40900493
H94: Cocktails x 1 | I94: 60 | L94: =SUM(L93:L93) -> 0.40900493
H95: Cocktails x botella | I95: 7 | J95: 700 | L95: =L94*I95 -> 2.8630345
H96: Botellas de 700 | J96: 700 | L96: =L95*I96 -> 0
H99: Old Fashioned RHR
H100: Markers Mark | I100: 25 | J100: 700 | K100: ='Productos-precio'!D424 -> 16.99 | L100: =(K100*I100)/J100 -> 0.60678571
H101: Bulleit Bourbon | I101: 35 | J101: 700 | K101: ='Productos-precio'!D428 -> 24.31 | L101: =(K101*I101)/J101 -> 1.2155
H102: Sirope Demarara | I102: 10 | J102: 1000 | K102: 1.8 | L102: =(K102*I102)/J102 -> 0.018
H103: Agua | I103: 25 | J103: 1000 | K103: 0 | L103: 0
H104: Cocktails x 1 | I104: =SUM(I100:I103) -> 95 | L104: =SUM(L100:L102) -> 1.8402857
H105: Cocktails x botella | I105: =J105/I104 -> 7.3684211 | J105: 700 | L105: =L104*I105 -> 13.56
H106: Botellas de 700 | I106: =C26 -> 0 | J106: 700 | L106: =L105*I106 -> 0
H109: WATERMELON HIHGBALL
H110: Vodka Whitley neill | I110: 50 | J110: 700 | K110: 7 | L110: =(K110*I110)/J110 -> 0.5
H111: Sirope Guayaba | I111: 20 | J111: 700 | K111: 8 | L111: =(K111*I111)/J111 -> 0.22857143
H112: Licor Cantalupe | I112: 5 | J112: 1000 | K112: 14 | L112: =(K112*I112)/J112 -> 0.07
I113: 25 | J113: 1000 | K113: 0 | L113: 0
H114: Cocktails x 1 | I114: =SUM(I110:I113) -> 100 | L114: =SUM(L110:L112) -> 0.79857143
H115: Cocktails x botella | I115: =J115/I114 -> 7 | J115: 700 | L115: =L114*I115 -> 5.59
H116: Botellas de 700 | I116: =C9 -> 0 | J116: 700 | L116: =L115*I116 -> 0

Sheet Stock lovo
B2: Producto | D2: Precio | E2: Total
B3: ABSENTA
B4: Absenta Pernod (ÁLVAREZ) | C4: O,7 | D4: 27.91 | E4: =C4*D4 -> #VALUE!
B5: Absenta Pernod (LAFUENTE) | D5: 24.84 | E5: =C5*D5 -> 0
B6: Absenta Hencdricks | D6: 32.017 | E6: =C6*D6 -> 0
E7: =C7*D7 -> 0
B8: AGUA
B9: Agua perrier | D9: 1.013 | E9: =C9*D9 -> 0
B10: Agua Fuentsanta | D10: 0.42 | E10: =C10*D10 -> 0
E11: =C11*D11 -> 0
B12: AMAROS
B13: Amaro averna (ÁLVAREZ) | C13: 0.5 | D13: 9.65 | E13: =C13*D13 -> 4.825
B14: Amaro Byrrh | C14: 0.1 | D14: 15 | E14: =C14*D14 -> 1.5
B15: Amaro montenegro (Barkonsult) | D15: 12.94 | E15: =C15*D15 -> 0
B16: Amaro Montenegro (LAFUENTE) | D16: 13.38 | E16: =C16*D16 -> 0
B17: Amaro Noix | C17: 0.8 | D17: 24 | E17: =C17*D17 -> 19.2
B18: Amaro Noix (BARKONSULT) | D18: 21.8 | E18: =C18*D18 -> 0
B19: Amaro Rubarbaro Nardini | D19: 20.3 | E19: =C19*D19 -> 0
B20: Amaro Sfumato (WKY REGAL) | C20: 2.6 | D20: 11.16 | E20: =C20*D20 -> 29.016
B21: Martini Bitter | C21: 0.3 | D21: 12.1 | E21: =C21*D21 -> 3.63
E22: =C22*D22 -> 0
B23: APERITIVOS
B24: Aperitivo Lillet Blanc (ÁLVAREZ) | D24: 10.39 | E24: =C24*D24 -> 0
B25: Aperitivo Lillet blanc (BORDINO) | C25: 2.6 | D25: 8.48 | E25: =C25*D25 -> 22.048
B26: Aperitivo Lillet Rouge (BORDINO) | D26: 8.48 | E26: =C26*D26 -> 0
B27: Aperitivo Lillet Rouge (LAFUENTE) | D27: 10.39 | E27: =C27*D27 -> 0
E28: =C28*D28 -> 0
B29: ARMAGÑAC
B30: Armagñac Cles de ducs V.S.O.P | D30: 15.5 | E30: =C30*D30 -> 0
B31: Armagñac Armin 10 | C31: 0.5 | D31: 34.24 | E31: =C31*D31 -> 17.12
B32: Armagñac Armin 6 | C32: 0.7 | D32: 20.89 | E32: =C32*D32 -> 14.623
B33: Armagñac DARTIGALONGUE RESERVA 2000 | D33: 42.25 | E33: =C33*D33 -> 0
B34: Armin blanco | C34: 0.8 | D34: 18.46 | E34: =C34*D34 -> 14.768
E35: =C35*D35 -> 0
B36: BITTERS
B37: Bitter Angostura (BORDINO) | D37: 9.12 | E37: =C37*D37 -> 0
B38: Bitter Burlesque (LAFUENTE) | D38: 18.44 | E38: =C38*D38 -> 0
B39: Bitter Cardamomo | D39: 12.91 | E39: =C39*D39 -> 0
B40: Bitter de Apio fee brothers | D40: 14.01 | E40: =C40*D40 -> 0
B41: Bitter hellfire habanero | D41: 18.44 | E41: =C41*D41 -> 0
B42: Bitter Luxardo Bianco | C42: 0.5 | D42: 9.17 | E42: =C42*D42 -> 4.585
B43: Bitter Mandarina | D43: 16.05 | E43: =C43*D43 -> 0
B44: Bitter Orange Angostura | D44: 7.07 | E44: =C44*D44 -> 0
B45: Bitter Cacao Angostura | D45: 8.68 | E45: =C45*D45 -> 0
B46: Bitter Peychauds | D46: 12.3 | E46: =C46*D46 -> 0
B47: Bitter scrappy's Cardamomo (LAFUENTE) | D47: 22.86 | E47: =C47*D47 -> 0
B48: Bitter scrapy´s apio | D48: 18.66 | E48: =C48*D48 -> 0
B49: Bitter scrapy´s fire | D49: 19.48 | E49: =C49*D49 -> 0
B50: Bitter Shiso Rojo (LAFUENTE) | D50: 28.98 | E50: =C50*D50 -> 0
B51: Bitter Suze Rojo | D51: 17.6 | E51: =C51*D51 -> 0
B52: Bitter truth celery | D52: 13.39 | E52: =C52*D52 -> 0
B53: Bitter Walnut Fee Brothers (BARKONSULT) | D53: 12.99 | E53: =C53*D53 -> 0
B54: bittre thruth oliva | D54: 16.25 | E54: =C54*D54 -> 0
... B56: Bitter Ruibarb | D56: 16.25 | E56: =C56*D56 -> 0
E57: =C57*D57 -> 0
B58: Brandy Fundador 12 PX sherry cask | D58: 17 | E58: =C58*D58 -> 0
B59: Brandy Fundador Triple madera (LAFUENTE) | C59: 0.8 | D59: 15.86 | E59: =C59*D59 -> 12.688
B60: Brandy Fundador Supremo 12 | D60: 20 | E60: =C60*D60 -> 0
B61: Brandy Fundador Supremo 15 | C61: 0.3 | D61: 50 | E61: =C61*D61 -> 15
B62: Ysabel Regina | D62: 29.53 | E62: =C62*D62 -> 0
B63: Brandy St. Remy (BORDINO) | D63: 11.1 | E63: =C63*D63 -> 0
B64: Brandy Carlos I amontillado | D64: 25.58 | E64: =C64*D64 -> 0
B65: Brandy LUIS FELIPE GRAN RESERVA | C65: 0.7 | D65: 64.82 | E65: =C65*D65 -> 45.374
B66: Brandy Torres 15 | D66: 20.3 | E66: =C66*D66 -> 0
E67: =C67*D67 -> 0
B68: 19 crimes | D68: 9.95 | E68: =C68*D68 -> 0
B69: Cachaca 51 | D69: 9.42 | E69: =C69*D69 -> 0
B70: Cachaça Abelha | C70: 1.8 | D70: 17.91 | E70: =C70*D70 -> 32.238
B71: CALVADOS ROGER GROULT PAYS D'AUGE | C71: 1.8 | D71: 47 | E71: =C71*D71 -> 84.6
E72: =C72*D72 -> 0
B73: Cerezas de Maraschino (ÁLVAREZ) | D73: 6.17 | E73: =C73*D73 -> 0
B74: Cerezas de Maraschino (LAFUENTE) | D74: 6.95 | E74: =C74*D74 -> 0
E75: =C75*D75 -> 0
B76: Cerveza Alhambra | D76: 1.56 | E76: =C76*D76 -> 0
B77: Cerveza Heineken | D77: 1.54 | E77: =C77*D77 -> 0
B78: Cerveza Heineken 0,0 | D78: 1.08 | E78: =C78*D78 -> 0
B79: Cerveza Guinness | D79: 2.86 | E79: =C79*D79 -> 0
B80: Cerveza Aguila | D80: 1.45 | E80: =C80*D80 -> 0
E81: =C81*D81 -> 0
B82: Cava Gramona | D82: 18.63 | E82: =C82*D82 -> 0
B83: Champagne Vicent d Astre | D83: 26.03 | E83: =C83*D83 -> 0
B84: Champagne Belle Epoque Blanc de Blanc | D84: 326.53 | E84: =C84*D84 -> 0
B85: Champagne Billecart Salmon Rose | E85: =C85*D85 -> 0
B86: Champagne EPC Blanc de Blanc | D86: 28.42 | E86: =C86*D86 -> 0
B87: Champagne EPC Blanc de Noir | D87: 27 | E87: =C87*D87 -> 0
B88: Champagne EPC Rose | D88: 27 | E88: =C88*D88 -> 0
B89: Champagne Laurent perrier rose (BORDINO) | D89: 55.33 | E89: =C89*D89 -> 0
B90: Champagne Perrier Jouet Belle Epoque Brut | D90: 124.62 | E90: =C90*D90 -> 0
B91: Champagne Perrier jouet blanc de blanc (BORDINO) | D91: 55 | E91: =C91*D91 -> 0
B92: Champagne Perrier jouet grand brut | D92: 39.601 | E92: =C92*D92 -> 0
B93: Champagne Ruinart blanc de blancs (LAFUENTE) | D93: 72.67 | E93: =C93*D93 -> 0
B94: Champagne Ruinart Rose | E94: =C94*D94 -> 0
B95: Prosseco Martini | D95: 12 | E95: =C95*D95 -> 0
B96: Prosseco Academia Rojo | D96: 9.46 | E96: =C96*D96 -> 0
B97: Prosseco Cinzano Spritz | D97: 4.62 | E97: =C97*D97 -> 0
B98: Champagne Palmer | D98: 33 | E98: =C98*D98 -> 0
E99: =C99*D99 -> 0
B100: Cognac Remy Martin VSOP (BORDINO) | C100: 0.3 | D100: 35.37 | E100: =C100*D100 -> 10.611
B101: Cogñac Courvasier v.s. | D101: 12.94 | E101: =C101*D101 -> 0
B102: Cogñac VSOP | D102: 162.52 | E102: =C102*D102 -> 0
...

Sheet Stock producciones
J1: Devil
B2: Producciones | J2: Rubarbaro | K2: 10 | L2: 700 | M2: ='Productos-precio'!D16 -> 11.16 | N2: =(M2*K2)/L2 -> 0.15942857
J3: Campari | K3: 30 | L3: 1000 | M3: ='Productos-precio'!D135 -> 13.04 | N3: =(M3*K3)/L3 -> 0.3912
B4: Producto en botella | C4: cantidad | E4: Garrafas | F4: Cantidad | J4: Vermouth rojo | K4: 20 | L4: 1000 | M4: ='Productos-precio'!D365 -> 9.22 | N4: =(M4*K4)/L4 -> 0.1844
B5: Licor Pandam | E5: Licor pandam 10L | G5: Garrafa 8L | H5: Equivalencia | J5: Disarono | K5: 10 | L5: 700 | M5: 10.91 | N5: =(M5*K5)/L5 -> 0.15585714
B6: Devil | E6: Devil 4L | G6: 1 | H6: 8000 | J6: Cocktails x 1 | K6: =SUM(K2:K5) -> 70 | N6: =SUM(N2:N5) -> 0.89088571
B7: Orange lovo licor | E7: Orange lovo licor 2L | G7: 0.9 | H7: 7200 | J7: Cocktails x botella | K7: =L7/K6 -> 10 | L7: 700 | N7: =N6*K7 -> 8.9088571
B8: Sirope simple | E8: Sirope simple 8L | G8: 0.8 | H8: 6400 | J8: Botellas de 700 | K8: =C6 -> 0 | L8: 700 | N8: =K8*N7 -> 0
B9: Mix ron | E9: Mix ron 4L | G9: 0.7 | H9: 5600 | J9: Garrafa 8L | K9: =L9/K6 -> 0 | L9: =F6 -> 0 | N9: =N6*K9 -> 0
B10: Mix amaros 0,5L | E10: Mix amaros 2L | G10: 0.6 | H10: 4800 | O10: =SUM(N8:N9) -> 0
B11: Sirope eneldo | E11: Sirope eneldo 4L | G11: 0.5 | H11: 4000 | J11: Orange lovo liquor
B12: Jupe banane (en platano) | E12: Jupe banane 5L | G12: 0.4 | H12: 3200 | J12: Cointreau | K12: 300 | L12: 700 | M12: ='Productos-precio'!D149 -> 13.41 | N12: =(M12*K12)/L12 -> 5.7471429
B13: Samurai | E13: Samurai 5L | G13: 0.3 | H13: 2400 | J13: Suau | K13: 200 | L13: 700 | M13: ='Productos-precio'!D201 -> 18.1 | N13: =(M13*K13)/L13 -> 5.1714286
B14: Leona | E14: Leona 8L | G14: 0.2 | H14: 1600 | J14: Dry curaçao Marie Brizard | K14: 500 | L14: 700 | M14: ='Productos-precio'!D177 -> 7.41 | N14: =(M14*K14)/L14 -> 5.2928571
B15: Solucion citrica | E15: Solucion citrica 8L | G15: 0.1 | H15: 800 | J15: Orange bitter | K15: 5 | L15: 200 | M15: ='Productos-precio'!D37 -> 8.68 | N15: =(M15*K15)/L15 -> 0.217
B16: Bubi | E16: Bubi 5L | J16: Cocktails x1 | K16: =SUM(K12:K15) -> 1005 | N16: =SUM(N12:N15) -> 16.428429
B17: Solucion salina 1L | J17: Cocktails x botella | K17: =L17/K16 -> 0.69651741 | L17: 700 | N17: =N16*K17 -> 11.442687
B18: Manabi | E18: Manabi 5L | G18: Garrafa 2L | H18: Equivalencia | J18: Botellas de 700 | K18: =C9 -> 0 | L18: 700 | N18: =N17*K18 -> 0
B19: Mix licores café | E19: Mix liores café 2L | G19: 1 | H19: 2000 | J19: Botella 2L | K19: =L19/K16 -> 0 | L19: =F7 -> 0 | N19: =N16*K19 -> 0
B20: Mix criollo | E20: Mix Criollo 2L | G20: 0.9 | H20: 1800
B21: Tintura algarroba 0,5L | G21: 0.8 | H21: 1600 | O21: =SUM(N18:N19) -> 0
B22: Licor Salmon & Eneldo | E22: Licor Salmon & Elendo 5L | G22: 0.7 | H22: 1400
B23: Maori | E23: Maori 5L | G23: 0.6 | H23: 1200 | J23: Licor Pandam
B24: Tintura de Contriti | E24: Licor Lima Kaffir 5L | G24: 0.5 | H24: 1000 | J24: Licor pandam | K24: 50 | L24: 1200 | M24: =Producciones!F96 -> 12.757606 | N24: =(M24*K24)/L24 -> 0.53156692
E25: Licor Lemon Grass 5L | G25: 0.4 | H25: 800 | J25: Cocktails x1 | K25: 50 | N25: =SUM(N24:N24) -> 0.53156692
E26: Té Josephine Sin 2L | G26: 0.3 | H26: 600 | J26: Cocktails x botella | K26: =L26/K25 -> 14 | L26: 700 | N26: =N25*K26 -> 7.4419369
B27: Josephine sin | E27: Mix josephine sin 2L | G27: 0.2 | H27: 400 | J27: Botellas de 700 | K27: =C5 -> 0 | L27: 700 | N27: =N26*K27 -> 0
B28: Café | E28: Café 2L | G28: 0.1 | H28: 200 | J28: Garrafa | K28: =L28/K25 -> 0 | L28: =F5 -> 0 | N28: =N25*K28 -> 0
B29: Masai | E29: Masai 5L
B30: Indio Navajo | E30: Indio Navajo 5L | O30: =SUM(N27:N28) -> 0
B31: Mix champs sin alcohol | E31: Mix Champs Sin 2L | G31: Garrafa 5L
B32: Sirope maraschino 0,7L | E32: Sirope maraschino 2L | G32: 1 | H32: 5000 | J32: Sirope Simple
B33: Hellfire casero 0,7L | G33: 0.9 | H33: 4500 | J33: Cocktails x 1 | K33: 25 | L33: 1500 | M33: =Producciones!F130 -> 2.6166667 | N33: =(M33*K33)/L33 -> 0.043611111
B34: Sami | E34: Sami 5L | G34: 0.8 | H34: 4000 | J34: Cocktails x botella | K34: =L34/K33 -> 28 | L34: 700 | N34: =N33*K34 -> 1.2211111
B35: Serpiente | E35: Serpiente 5L | G35: 0.7 | H35: 3500
B36: Tortuga | E36: Tortuga 5L | G36: 0.6 | H36: 3000 | J36: Botellas de 700 | K36: =C8 -> 0 | L36: 700 | N36: =N33*K36 -> 0
B37: Mowgli | E37: Mowgli 5L | G37: 0.5 | H37: 2500 | J37: Garrafa | K37: =L37/K33 -> 0 | L37: =F8 -> 0 | N37: =N33*K37 -> 0
B38: Reno | E38: Reno 5L | G38: 0.4 | H38: 2000 | O38: =SUM(N36:N37) -> 0
B39: Caballo | E39: Caballo 5L | G39: 0.3 | H39: 1500 | J39: Mix ron
B40: Sapo Cururu | E40: Sapo Cururu 5L | G40: 0.2 | H40: 1000 | J40: Ron Brugal Extra Viejo | K40: 400 | L40: 700 | M40: 14 | N40: =M40*K40/L40 -> 8
B41: Josephine y los 7 (7pipetas) | E41: Josephine y los 7 10L | G41: 0.1 | H41: 500 | J41: Ron Abuelo Añejo | K41: 600 | L41: 700 | M41: 10.03 | N41: =M41*K41/L41 -> 8.5971429
E42: Sirope Higuera 5L
B43: Sencha | E43: Sencha 8L | G43: Garrafa 4L | J43: cocktail x 1 | K43: 1000 | N43: =SUM(N40:N42) -> 16.597143
E44: Gin Té Matcha 5L | G44: 1 | H44: 4000
B45: EO Manhattan | E45: EO Manhattan 5L | G45: 0.9 | H45: 3600 | J45: Cocktails x botella | K45: =L45/K43 -> 0.7 | L45: 700 | N45: =N43*K45 -> 11.618
B46: Plantain Old Fashioned | E46: Plantain Old Fashioned 2L | G46: 0.8 | H46: 3200 | J46: Botellas de 700 | K46: =C9 -> 0 | L46: 700 | N46: =(K46*N45) -> 0
E47: Vermouth Calabaza 2L | G47: 0.7 | H47: 2800 | J47: Garrafa | K47: =L47/K43 -> 0 | L47: =F9 -> 0 | N47: =N43*K47 -> 0
B48: Bandito | E48: Bandito 8L | G48: 0.6 | H48: 2400 | O48: =SUM(N46:N47) -> 0
B49: Té Hibiscus Pipetas | E49: Té Hibiscus 2L | G49: 0.5 | H49: 2000 | J49: Mix amaros
E50: Licor Maiz Morado 2L | G50: 0.4 | H50: 1600 | J50: Amaro di Angostura | K50: 100 | L50: 200 | M50: ='Productos-precio'!D30 -> 10.58 | N50: =K50*M50/L50 -> 5.29
B51: Sesahattan | E51: Sesahattan 5L | G51: 0.3 | H51: 1200 | J51: averna | K51: 500 | L51: 700 | M51: ='Productos-precio'!D9 -> 8.82 | N51: =K51*M51/L51 -> 6.3
B52: Tomate & Strawberry | E52: Tomate & Strawberry 5L | G52: 0.2 | H52: 800 | J52: Sfumato | K52: 200 | L52: 700 | M52: ='Productos-precio'!D16 -> 11.16 | N52: =K52*M52/L52 -> 3.1885714
B53: Sirope Tamarindo | E53: Sirope Tamarindo 2L | G53: 0.1 | H53: 400 | J53: Noix | K53: 200 | L53: 700 | M53: ='Productos-precio'!D13 -> 21.8 | N53: =K53*M53/L53 -> 6.2285714
B54: Jazz Cleopatra | E54: Jazz Cleopatra 5L | J54: Cocktails x 1 | K54: 25 | N54: =K54*N55/L55 -> 0.7502551
E55: Bourbon Mantequilla 5L | G55: Garrafa 10L | J55: Cocktails x botella | K55: =L55/K54 -> 28 | L55: 700 | N55: =SUM(N50:N53) -> 21.007143
B56: Festin Nordico | E56: Festin Nordico 8L | G56: 1 | H56: 10000 | J56: Botellas de 700 | K56: =C10 -> 0 | L56: 700 | N56: =N55*K56 -> 0
B57: Tintura Contriti | E57: Whisky Galleta 2L | G57: 0.9 | H57: 9000 | J57: Botella 2L | K57: =L57/K54 -> 0 | L57: =F10 -> 0 | N57: =N54*K57 -> 0
B58: Licor Herbal | E58: Licor Herbal 5L | G58: 0.8 | H58: 8000 | O58: =SUM(N56:N57) -> 0
B59: Sirope Hierba Luisa | E59: Sirope Hierba Luisa 2L | G59: 0.7 | H59: 7000 | J59: Sirope eneldo
E60: Té Hibiscus 2L | G60: 0.6 | H60: 6000 | J60: Cocktails x 1 | K60: 25 | L60: 1000 | M60: 2.4 | N60: =(M60*K60)/L60 -> 0.06
E61: Licor Mango Picante 2L | G61: 0.5 | H61: 5000 | J61: Cocktails x botella | K61: =L62/K60 -> 28 | N61: =N60*K61 -> 1.68
B62: Gin Fresas | E62: Gin fresas 2L | G62: 0.4 | H62: 4000 | J62: Botellas de 700 | L62: 700 | N62: =N61*K62 -> 0
E63: Licor Cacahuete 2L | G63: 0.3 | H63: 3000 | J63: Botella 2L | K63: =L63/K60 -> 0 | L63: =F11 -> 0 | N63: =N60*K63 -> 0
B64: Agua de Tomate 1L | E64: Agua de Tomate 2L | G64: 0.2 | H64: 2000 | O64: =SUM(N62:N63) -> 0
B65: Yuzu Clarificado | E65: Yuzu Clarificado 2L | G65: 0.1 | H65: 1000 | J65: Jupe banane
B66: Licor de Café Cabra | E66: Licor de Café Cabra 2L | J66: Cocktails x 1 | K66: 100 | L66: 1000 | N66: 2.7
B67: Agua de Fresas | E67: Agua de Fresas 2L | J67: Cocktails x botella | K67: =L69/K66 -> 7 | L67: 700 | N67: =N66*K67 -> 18.9
E68: Tequila Shiso 5L
B69: Sirope Platano | E69: Sirope Platano 2L | J69: Botellas de 700 | L69: 700 | N69: =N67*K69 -> 0
B70: Nordico Sin | E70: Nordico Sin 2L
B71: Cordial Té Hojicha | E71: Cordial Té Hojicha 2L | J71: Garrafa | K71: =L71/K66 -> 0 | L71: =F12 -> 0 | N71: =N66*K71 -> 0
B72: Sirope Peras al Horno | E72: Sirope Peras al Horno 2L | O72: =SUM(N69:N71) -> 0
B73: Cordial de Pera | E73: Cordial de Pera 2L | J73: Samurai
B74: Mix Tequila | E74: Mix Tequila 2L | J74: Cocktails x 1 | K74: 100 | L74: 1000 | N74: 5.03
B75: Expresso Martini | C75: 0.8 | E75: Expresso Martini 5L | J75: Cocktails x botella | K75: =L76/K74 -> 7 | L75: 700 | N75: =N74*K75 -> 35.21
B76: Mix Gin | E76: Mix Gin 4L | J76: Botellas de 700 | K76: =C13 -> 0 | L76: 700 | N76: =N75*K76 -> 0
B77: Mix Whisky | E77: Mix Whisky 4L | J77: Garrafa | K77: =L77/K74 -> 0 | L77: =F13 -> 0 | N77: =N74*K77 -> 0
B78: Mix Vodka | E78: Mix Vodka 4L | O78: =SUM(N76:N77) -> 0
E79: Ron Fat Wash 2L | J79: Leona
E80: Cordial Fresas 5L | J80: Licor Mango Picante | K80: 35 | L80: 1000 | M80: 14.23 | N80: =M80/L80*K80 -> 0.49805
B81: F. Maya sin | E81: Whisky Fat Wash Platano 2L | J81: Sirope Mango | K81: 20 | L81: 700 | M81: 7.42 | N81: =M81/L81*K81 -> 0.212
B82: Pipa pipa sin | E82: Zumo Tomate de Arbol 2L | J82: Licor Melon Cantalupe | K82: 10 | L82: 500 | M82: 12 | N82: =M82/L82*K82 -> 0.24
B83: Shunme Sin | E83: Cordial Agua de Tomate 2L | J83: Licor Humo | K83: 10 | L83: 500 | M83: 22.5 | N83: =M83/L83*K83 -> 0.45
B84: cordial de piparra | E84: cordial de piparra 2L | J84: Cocktails x 1 | K84: =SUM(K80:K83) -> 75 | N84: =SUM(N80:N83) -> 1.40005
B85: Irish Coffe | E85: F. Maya Sin 2L | J85: Cocktails x botella | K85: =L85/K84 -> 9.3333333 | L85: 700 | N85: =N84*K85 -> 13.067133
E86: Shunme Sin 2L | J86: Botellas de 700 | K86: =C14 -> 0 | L86: 700 | N86: =N85*K86 -> 0
E87: Watermelon 2L | J87: Garrafa 8L | K87: =L87/K84 -> 0 | L87: =F14 -> 0 | N87: =K87*N84 -> 0
E88: Pipa - pipa Sin 2L | O88: =SUM(N86:N87) -> 0
B89: Demerara 1L | E89: Café Decaf 0,2 | J89: Solución citrica
E90: Total stock | F90: =O10+O21+O30+O38+O58+O64+O72+O78+O88+O95+O104+O116+O123+O131+O140+O149+O155+O167+O177+O184+O191+O198+O205+O211+O221+O230+O240+O251+O263+O273+O281+O291+O300+O309+O316+O327+O333+O343+O350+O358+O364+O373+O379+O385+O398+O411+O417+O428+O434+O440+O446+O457+O463+O469+O475+O481+O487+O497+O505+O514+O522+O530+O536+O542+O550+O561+O567+O577+O588+O598+O610+O621+O630+O639+O645+O48+O651 -> 3.5281429 | J90: solucion citrica | K90: 25 | L90: 1000 | M90: 1.99 | N90: =(M90*K90)/L90 -> 0.04975
J91: Cocktails x1 | K91: 25 | N91: =SUM(N90:N90) -> 0.04975
J92: Cocktails x botella | K92: =L92/K91 -> 28 | L92: 700 | N92: =N91*K92 -> 1.393
J93: Botellas de 700 | K93: =C15 -> 0 | L93: 700 | N93: =N92*K93 -> 0
J94: Garrafa | K94: =L94/K91 -> 0 | L94: =F15 -> 0 | N94: =N91*K94 -> 0
O95: =SUM(N93:N94) -> 0
J96: Bubi
J97: Licor Lemon Grass | K97: 25 | L97: 1000 | M97: 8.5 | N97: =M97/L97*K97 -> 0.2125
J98: Licor Platano | K98: 15 | L98: 700 | M98: 13.37 | N98: =M98/L98*K98 -> 0.2865
J99: Licor Pico | K99: 5 | L99: 700 | M99: 15 | N99: =M99/L99*K99 -> 0.10714286
J100: Cocktails x 1 | K100: =SUM(K97:K99) -> 45 | N100: =SUM(N97:N99) -> 0.60614286
...

Sheet Cristaleria
B1: VASOS | C1: DJ | D1: BARRA CAZA | E1: BARRA CUEVA | F1: SALA | G1: TOTAL | H1: PRECIO | I1: VALOR TOTAL
B3: Bananas | G3: =SUM(C3:F3) -> 0 | H3: 5 | I3: =G3*H3 -> 0
B4: Bandeja Dorada | C4: 6 | G4: =SUM(C4:F4) -> 6 | I4: =G4*H4 -> 0
B5: Chupito alto | G5: =SUM(C5:F5) -> 0 | I5: =G5*H5 -> 0
B6: Chupito bienvenida | C6: 6 | G6: =SUM(C6:F6) -> 6 | H6: 2.34 | I6: =G6*H6 -> 14.04
B7: Chupito shuffle | C7: 6 | G7: =SUM(C7:F7) -> 6 | H7: 1.5 | I7: =G7*H7 -> 9
B8: Chupitos | D8: 25 | E8: 23 | G8: =SUM(C8:F8) -> 48 | H8: 1.04 | I8: =G8*H8 -> 49.92
B9: Copa Belle epoque | G9: =SUM(C9:F9) -> 0 | H9: 15 | I9: =G9*H9 -> 0
B10: Copa pony Savage | G10: =SUM(C10:F10) -> 0 | H10: 4.4 | I10: =G10*H10 -> 0
B11: Copas de Vino | C11: 18 | D11: 17 | E11: 4 | G11: =SUM(C11:F11) -> 39 | H11: 1.9 | I11: =G11*H11 -> 74.1
B12: Coupette Expreso | C12: 11 | G12: =SUM(C12:F12) -> 11 | H12: 3.93 | I12: =G12*H12 -> 43.23
B13: Coupette savage | C13: 6 | E13: 1 | G13: =SUM(C13:F13) -> 7 | H13: 3.92 | I13: =G13*H13 -> 27.44
B14: Cuenco azul crital | G14: =SUM(C14:F14) -> 0
B15: Cuenco Dorado | C15: 8 | G15: =SUM(C15:F15) -> 8 | I15: =G15*H15 -> 0
B16: Cuenco Dorado mini | G16: =SUM(C16:F16) -> 0 | I16: =G16*H16 -> 0
B17: Cuenco Okami | G17: =SUM(C17:F17) -> 0 | I17: =G17*H17 -> 0
B18: Cuenco Tibetano | C18: 6 | G18: =SUM(C18:F18) -> 6 | I18: =G18*H18 -> 0
B19: Highball Geneve (combinado) | C19: 84 | G19: =SUM(C19:F19) -> 84 | H19: 2.69 | I19: =G19*H19 -> 225.96
B20: Highball Italesse (Highball RHR) | G20: =SUM(C20:F20) -> 0 | H20: 2.79 | I20: =G20*H20 -> 0
B21: Highball Levitas | C21: 12 | D21: 6 | E21: 1 | G21: =SUM(C21:F21) -> 19 | H21: 4.99 | I21: =G21*H21 -> 94.81
B22: Highball Levitas mini | D22: 11 | G22: =SUM(C22:F22) -> 11 | H22: 6.2 | I22: =G22*H22 -> 68.2
B23: Highball Tubo Aleman | C23: 19 | D23: 9 | G23: =SUM(C23:F23) -> 28 | H23: 0.8 | I23: =G23*H23 -> 22.4
B24: Highball Tubo Aleman Mini | C24: 36 | E24: 2 | G24: =SUM(C24:F24) -> 38 | H24: 0.78 | I24: =G24*H24 -> 29.64
B25: Highball Aleman corto | D25: 94 | G25: =SUM(C25:F25) -> 94 | I25: =G25*H25 -> 0
B26: Highball Savage | D26: 12 | E26: 7 | G26: =SUM(C26:F26) -> 19 | H26: 4.21 | I26: =G26*H26 -> 79.99
B27: Highball Combinado jerte | C27: 5 | E27: 2 | G27: =SUM(C27:F27) -> 7 | H27: 1.5 | I27: =G27*H27 -> 10.5
B28: Josephine | C28: 4 | G28: =SUM(C28:F28) -> 4 | I28: =G28*H28 -> 0
B29: Lovo | C29: 4 | G29: =SUM(C29:F29) -> 4 | I29: =G29*H29 -> 0
B30: Old fashioned antiguo | C30: 18 | D30: 20 | E30: 48 | G30: =SUM(C30:F30) -> 86 | I30: =G30*H30 -> 0
B31: Old Fashioned chicago cueva | C31: 39 | G31: =SUM(C31:F31) -> 39 | H31: 1.59 | I31: =G31*H31 -> 62.01
B32: Old fashioned Savage | C32: 17 | D32: 12 | E32: 3 | G32: =SUM(C32:F32) -> 32 | H32: 5.33 | I32: =G32*H32 -> 170.56
B33: Pinzas | C33: 3 | D33: 28 | G33: =SUM(C33:F33) -> 31 | I33: =G33*H33 -> 0
B34: Piñas | D34: 5 | G34: =SUM(C34:F34) -> 5 | H34: 60 | I34: =G34*H34 -> 300
B35: Probetas | G35: =SUM(C35:F35) -> 0 | H35: 0.6 | I35: =G35*H35 -> 0
B36: Recipiente nordico | D36: 5 | G36: =SUM(C36:F36) -> 5 | I36: =G36*H36 -> 0
B37: Tabla Madera | G37: =SUM(C37:F37) -> 0 | I37: =G37*H37 -> 0
B38: Tumbler Nude | G38: =SUM(C38:F38) -> 0 | H38: 5.08 | I38: =G38*H38 -> 0
B39: Vasos de Agua Averna Pure | G39: =SUM(C39:F39) -> 0 | H39: 5.93 | I39: =G39*H39 -> 0
B40: Vasos Tam Tam | C40: 10 | G40: =SUM(C40:F40) -> 10 | I40: =G40*H40 -> 0
B41: VASOS MOSCOW MULE | I41: =SUM(I3:I40) -> 1281.8

Sheet Producciones
B1: Producciones
B4: CITRUS SOUL
C5: ml/gr | D5: Unidad | E5: Precio | F5: Precio coste
B6: Agua | C6: 1000 | D6: 1000 | E6: 0 | F6: =(C6*E6)/D6 -> 0
B7: Ácido citrico | C7: 20 | D7: 1000 | E7: 1.82 | F7: =(C7*E7)/D7 -> 0.0364
B8: Ácido tartarico | C8: 10 | D8: 1000 | E8: 3.42 | F8: =(C8*E8)/D8 -> 0.0342
B9: Ácido malico | C9: 5 | D9: 250 | E9: 5.6 | F9: =(C9*E9)/D9 -> 0.112
B10: Ácido ascorbico | C10: 5 | D10: 1000 | E10: 3.9 | F10: =(C10*E10)/D10 -> 0.0195
B11: Sal | C11: 2 | D11: 1000 | E11: 0.5 | F11: =(C11*E11)/D11 -> 0.001
B12: Azucar | C12: 4 | D12: 1000 | E12: 1.13 | F12: =(C12*E12)/D12 -> 0.00452
B13: MDO | C13: 4 | D13: 60 | E13: 14.5 | F13: =(C13*E13)/D13 -> 0.96666667
E14: Coste total | F14: =F6+F7+F8+F9+F10+F11+F12+F13 -> 1.1742867
E15: Coste + IVA | F15: =(F14*21%)+F14 -> 1.4208869
B16: Prodecimiento | C16: Añadir todos los ingrediente en el robot de cocina a 35Cº, Vel 4, 5min, embotellar y etiquetar
B20: LICOR DE CACHUETE
C21: ml/gr | D21: Unidad | E21: Precio | F21: Precio coste
B22: Vodka Whitlley Neill | C22: 900 | D22: 700 | E22: 7 | F22: 7
B23: Cacahuete | C23: 160 | D23: 1000 | E23: 5 | F23: =(C23*E23)/D23 -> 0.8
B24: Sirope Simple | C24: 300 | D24: 1000 | E24: 1.76 | F24: =(C24*E24)/D24 -> 0.528
E26: Coste total | F26: =F22+F23+F24+F25 -> 8.328
E27: Coste + IVA | F27: =(F26*21%)+F26 -> 10.07688
B28: Prodecimiento | C28: en la misma bolsa u otra machacar un poco el cacahuete, agregar a la bolsa al vacio con el vodka y el sirope simpre. Cocinar en la roner durante 1h a 55ºC, congelar durante 45min y filtrar en filtro de tela.
B31: TÉ OLONG MILKY
C32: ml/gr | D32: Unidad | E32: Precio | F32: Precio coste
B33: Agua | C33: 1000 | D33: 1000 | E33: 0 | F33: =(C33*E33)/D33 -> 0
B34: Té Olong | C34: 10 | D34: 50 | E34: 3.5 | F34: =(C34*E34)/D34 -> 0.7
B35: Sirope Simple | C35: 100 | D35: 1000 | E35: 1.76 | F35: =(C35*E35)/D35 -> 0.176
E36: Coste total | F36: =SUM(F33:F35) -> 0.876
E37: Coste + IVA | F37: =(F36*21%)+F36 -> 1.05996
B38: Prodecimiento | C38: Añadir el té, agua en una bolsa al vacio. Meter en la roner a 70ºC durante 30min
B42: LICOR TÉ CHAI
C43: ml/gr | D43: Unidad | E43: Precio | F43: Precio Coste
B44: Vodka Whitley Neill | C44: 1200 | D44: 700 | E44: 7 | F44: =(C44*E44)/D44 -> 12
B45: Té Chai | C45: 12 | D45: 40 | E45: 4 | F45: =(C45*E45)/D45 -> 1.2
B46: Sirope simple | C46: 400 | D46: 1000 | E46: 2 | F46: =(C46*E46)/D46 -> 0.8
E48: Coste total | F48: =SUM(F44:F46) -> 14
E49: Coste + IVA | F49: =(F48*21%)+F48 -> 16.94
B50: Prodecimiento | C50: Envasar al vacio los ingredientes, ponerla en la roner durante 30 minutos a 70ºC, filtrar por superbag, embitellar y etiquetar
B53: CORDIAL TÉ EARL GREY
C54: ml/gr | D54: Unidad | E54: Precio | F54: Precio Coste
B55: Agua | C55: 900 | D55: 1000 | E55: 0 | F55: =(C55*E55)/D55 -> 0
B56: Té Earl Grey | C56: 24 | D56: 60 | E56: 3 | F56: =(C56*E56)/D56 -> 1.2
B57: pieles limón | C57: 12 | D57: 100 | E57: 1.35 | F57: =(C57*E57)/D57 -> 0.162
B58: Acido citrico | C58: 9 | D58: 1000 | E58: 1.82 | F58: =(C58*E58)/D58 -> 0.01638
B59: Acido tartarico | C59: 3 | D59: 1000 | E59: 3.42 | F59: =(C59*E59)/D59 -> 0.01026
B60: Acido malico | C60: 3 | D60: 500 | E60: 5.6 | F60: =(C60*E60)/D60 -> 0.0336
B61: Acido ascorbico | C61: 9 | D61: 1000 | E61: 3.9 | F61: =(C61*E61)/D61 -> 0.0351
B62: Azucar | C62: 300 | D62: 1000 | E62: 1.4 | F62: =(C62*E62)/D62 -> 0.42
B63: MDO | C63: 6 | D63: 60 | E63: 14.5 | F63: =(C63*E63)/D63 -> 1.45
E64: Coste total | F64: =SUM(F55:F63) -> 3.32734
E65: Coste + IVA | F65: =(F64*21%)+F64 -> 4.0260814
B66: Prodecimiento | C66: Añadir los ingredientes en el robot de cocina a 65Cº, Vel 2, 6min, embotellar y etiquetar
B69: TINTURA TÉ CHAI
C70: ml/gr | D70: Unidad | E70: Precio | F70: Precio coste
B71: Vodka Whitley Neill | C71: 500 | D71: 700 | E71: 15 | F71: =(C71*E71)/D71 -> 10.714286
B72: Té Chai | C72: 5 | D72: 1000 | E72: 3 | F72: =(C72*E72)/D72 -> 0.015
B73: MDO | C73: 1 | D73: 60 | E73: 14.5 | F73: =(C73*E73)/D73 -> 0.24166667
E74: Coste total | F74: =F71+F72+F73 -> 10.970952
E75: Coste + IVA | F75: =(F74*21%)+F74 -> 13.274852
B76: Prodecimiento
B79: SIROPE RASELHANOUT
C80: ml/gr | D80: Unidad | E80: Precio | F80: Precio coste
B81: Sirope simple | C81: 1000 | D81: 1000 | E81: 1.76 | F81: =(C81*E81)/D81 -> 1.76
B82: Raselhanout | C82: 10 | D82: 50 | E82: 3 | F82: =(C82*E82)/D82 -> 0.6
B83: MDO | C83: 1 | D83: 60 | E83: 14.5 | F83: =(C83*E83)/D83 -> 0.24166667
E84: Coste total | F84: =F81+F82+F83 -> 2.6016667
E85: Coste + IVA | F85: =(F84*21%)+F84 -> 3.1480167
B86: Prodecimiento | C86: Añadir los ingredientes en el robot a 60Cº, Vel 4, 5 min, embotellar y etiquetar
B89: LICOR PANDAM
C90: ml/gr | D90: Unidad | E90: Precio | F90: Precio coste
B91: Sirope simple | C91: 300 | D91: 1000 | E91: 1.76 | F91: =(C91*E91)/D91 -> 0.528
B92: Vodka | C92: 900 | D92: 700 | E92: 6.15 | F92: =(C92*E92)/D92 -> 7.9071429
B93: Pamdan | C93: 50 | D93: 250 | E93: 4.5 | F93: =(C93*E93)/D93 -> 0.9
B94: MDO | C94: 5 | D94: 60 | E94: 14.5 | F94: =(C94*E94)/D94 -> 1.2083333
E95: Coste total | F95: =F91+F92+F93+F94 -> 10.543476
E96: Coste + IVA | F96: =(F95*21%)+F95 -> 12.757606
B97: Prodecimiento | C97: Añadir los ingredientes en el robot a 50Cº, vel 8, 5min, embotellar y etiquetar
B100: MANGO LASSI
C101: ml/gr | D101: Unidad | E101: Precio | F101: Precio coste
B102: Puré Mango | C102: 10 | D102: 1000 | E102: 11 | F102: =(C102*E102)/D102 -> 0.11
B103: Leche Fresca | C103: 15 | D103: 1000 | E103: 2 | F103: =(C103*E103)/D103 -> 0.03
B104: Keffir de Mango | C104: 50 | D104: 500 | E104: 2.5 | F104: =(C104*E104)/D104 -> 0.25
B105: Sirope Mango | C105: 20 | D105: 1000 | E105: ='Productos-precio'!D311 -> 9.21 | F105: =(C105*E105)/D105 -> 0.1842
B106: Cardamomo | C106: 0.5 | D106: 50 | E106: 4 | F106: =(C106*E106)/D106 -> 0.04
B107: Curcuma | C107: 0.2 | D107: 50 | E107: 4 | F107: =(C107*E107)/D107 -> 0.016
B108: Sal | C108: 0.05 | D108: 1000 | E108: 1 | F108: =(C108*E108)/D108 -> 5e-05
B109: MDO | D109: 50 | E109: 14.5 | F109: =(C109*E109)/D109 -> 0
E110: Coste total | F110: =SUM(F102:F109) -> 0.63025
E111: Coste + IVA | F111: =(F110*21%)+F110 -> 0.7626025
B112: Prodecimiento | C112: En un gastro grande añadimos todos los ingredientes, removemos bien y pasamos al robot de cocina 1min, Vel 4
B115: Sirope eneldo
C116: ml/gr | D116: Unidad | E116: Precio | F116: Precio coste
B117: Sirope simple | C117: 900 | D117: 1000 | E117: 1.76 | F117: =(C117*E117)/D117 -> 1.584
B118: Eneldo | C118: 60 | D118: 1000 | E118: 1.5 | F118: =(C118*E118)/D118 -> 0.09
B119: MDO | C119: 3 | D119: 60 | E119: 14.5 | F119: =(C119*E119)/D119 -> 0.725
E120: Coste total | F120: =F117+F118+F119 -> 2.399
E121: Coste + IVA | F121: =(F120*21%)+F120 -> 2.90279
B122: Prodecimiento | C122: añadir los ingredientes en el robot de cocina a 60Cº, Vel 3, 5min, embotellar y etiquetar
B125: Sirope simple
C126: ml/gr | D126: Unidad | E126: Precio | F126: Precio coste
...
